"id1","id2","X_firstname_","X_lastname_","X_email_","X_addr1_","X_addr2_","X_cityname_","X_postcode_","X_county_","X_nis_","X_b_year_","X_b_month_","X_b_day_","is_match"
2334,9182,0,0,0,0,0,0,0,0,0,1,1,1,"0"
47222,87819,0,0,0,0,0,0,0,1,0,1,1,1,"0"
50644,83205,0,0,0,0,0,0,1,0,0,1,1,1,"0"
70461,72035,0,0,0,0,0,0,1,0,1,1,1,1,"0"
35371,85699,0,0,0,0,0,0,1,1,0,1,1,1,"0"
60940,70100,0,0,0,0,0,0,1,1,1,1,1,1,"0"
13606,43318,0,0,0,0,0,1,0,0,0,1,1,1,"0"
20898,83326,0,0,0,0,0,1,0,1,0,1,1,1,"0"
1505,52888,0,0,0,0,0,1,1,0,0,1,1,1,"0"
26577,72494,0,0,0,0,0,1,1,0,1,1,1,1,"0"
89808,91013,0,0,0,0,0,1,1,1,0,1,1,1,"0"
37489,95206,0,0,0,0,0,1,1,1,1,1,1,1,"0"
7804,57022,0,0,0,0,1,0,0,0,0,1,1,1,"0"
30024,89339,0,0,0,0,1,0,0,1,0,1,1,1,"0"
41212,58745,0,0,0,0,1,0,1,0,0,1,1,1,"0"
44458,90900,0,0,0,0,1,0,1,0,1,1,1,1,"0"
67505,82985,0,0,0,0,1,0,1,1,0,1,1,1,"0"
34166,96838,0,0,0,0,1,0,1,1,1,1,1,1,"0"
34307,36577,0,0,0,0,1,1,0,0,0,1,1,1,"0"
11794,83693,0,0,0,0,1,1,0,1,0,1,1,1,"0"
30608,90721,0,0,0,0,1,1,1,0,0,1,1,1,"0"
4681,8278,0,0,0,0,1,1,1,1,0,1,1,1,"0"
1140,69809,0,0,0,1,0,0,0,0,0,1,1,1,"0"
1175,12623,0,0,0,1,0,0,0,1,0,1,1,1,"0"
67306,78288,0,0,0,1,0,0,1,0,0,1,1,1,"0"
18691,85390,0,0,0,1,0,0,1,0,1,1,1,1,"0"
56628,60608,0,0,0,1,0,0,1,1,0,1,1,1,"0"
46706,55315,0,0,0,1,0,0,1,1,1,1,1,1,"0"
13600,80241,0,0,0,1,0,1,0,0,0,1,1,1,"0"
3531,90309,0,0,0,1,0,1,0,1,0,1,1,1,"0"
39256,41782,0,0,0,1,0,1,1,0,0,1,1,1,"0"
67840,78409,0,0,0,1,0,1,1,1,0,1,1,1,"0"
38670,94274,0,0,0,1,1,0,0,0,0,1,1,1,"0"
21766,95327,0,0,0,1,1,0,0,1,0,1,1,1,"0"
59261,72513,0,0,0,1,1,0,1,0,0,1,1,1,"0"
74247,96307,0,0,0,1,1,0,1,0,1,1,1,1,"0"
20904,33603,0,0,0,1,1,0,1,1,0,1,1,1,"0"
46406,59771,0,0,0,1,1,1,0,0,0,1,1,1,"0"
48598,91013,0,0,0,1,1,1,1,0,0,1,1,1,"0"
28859,93290,0,0,0,1,1,1,1,0,1,1,1,1,"0"
1524,34773,0,0,1,0,0,0,0,0,0,1,1,1,"0"
19535,71872,0,0,1,0,0,0,0,1,0,1,1,1,"0"
16375,28777,0,0,1,0,0,0,1,0,0,1,1,1,"0"
82833,99750,0,0,1,0,0,0,1,0,1,1,1,1,"0"
89042,95443,0,0,1,0,0,0,1,1,0,1,1,1,"0"
16684,46708,0,0,1,0,0,0,1,1,1,1,1,1,"0"
20815,28882,0,0,1,0,0,1,0,0,0,1,1,1,"0"
21193,69476,0,0,1,0,0,1,0,1,0,1,1,1,"0"
36676,80269,0,0,1,0,0,1,1,0,0,1,1,1,"0"
72869,99057,0,0,1,0,0,1,1,0,1,1,1,1,"0"
35474,46606,0,0,1,0,0,1,1,1,0,1,1,1,"0"
69493,74841,0,0,1,0,1,0,0,0,0,1,1,1,"0"
63153,87343,0,0,1,0,1,0,0,1,0,1,1,1,"0"
62996,95069,0,0,1,0,1,0,1,0,0,1,1,1,"0"
5311,12488,0,0,1,0,1,0,1,0,1,1,1,1,"0"
31573,85144,0,0,1,0,1,0,1,1,0,1,1,1,"0"
47090,86529,0,0,1,0,1,1,0,0,0,1,1,1,"0"
35265,35351,0,0,1,0,1,1,0,1,0,1,1,1,"0"
6169,55155,0,0,1,0,1,1,1,0,0,1,1,1,"0"
28161,86277,0,0,1,1,0,0,0,0,0,1,1,1,"0"
1293,16082,0,0,1,1,0,0,0,1,0,1,1,1,"0"
5078,13846,0,0,1,1,0,0,1,0,0,1,1,1,"0"
6396,92124,0,0,1,1,0,0,1,0,1,1,1,1,"0"
47166,55371,0,0,1,1,0,0,1,1,0,1,1,1,"0"
28859,69851,0,0,1,1,0,1,0,0,0,1,1,1,"0"
22231,60268,0,0,1,1,0,1,0,1,0,1,1,1,"0"
55790,89310,0,0,1,1,0,1,1,0,0,1,1,1,"0"
52207,95576,0,0,1,1,1,0,0,0,0,1,1,1,"0"
8630,95069,0,0,1,1,1,0,1,0,0,1,1,1,"0"
33531,79911,0,0,1,1,1,0,1,1,0,1,1,1,"0"
7120,87607,0,0,1,1,1,1,0,0,0,1,1,1,"0"
9115,82482,0,1,0,0,0,0,0,0,0,0,0,0,"0"
19354,74399,0,1,0,0,0,0,0,0,0,0,0,1,"0"
24865,86978,0,1,0,0,0,0,0,0,0,0,1,0,"0"
58571,85700,0,1,0,0,0,0,0,0,0,0,1,1,"0"
69297,74300,0,1,0,0,0,0,0,0,0,1,0,0,"0"
18703,36353,0,1,0,0,0,0,0,0,0,1,0,1,"0"
11290,55766,0,1,0,0,0,0,0,0,0,1,1,0,"0"
27854,35295,0,1,0,0,0,0,0,0,0,1,1,1,"0"
55539,57574,0,1,0,0,0,0,0,0,0,NA,NA,NA,"0"
23617,88008,0,1,0,0,0,0,0,0,1,0,0,0,"0"
54321,63026,0,1,0,0,0,0,0,0,1,1,1,1,"1"
59177,73058,0,1,0,0,0,0,0,1,0,0,0,0,"0"
12232,13085,0,1,0,0,0,0,0,1,0,0,0,1,"0"
9380,54193,0,1,0,0,0,0,0,1,0,0,1,0,"0"
19717,25383,0,1,0,0,0,0,0,1,0,0,1,1,"0"
61425,90056,0,1,0,0,0,0,0,1,0,1,0,0,"0"
71137,94550,0,1,0,0,0,0,0,1,0,1,0,1,"0"
26831,53453,0,1,0,0,0,0,0,1,0,1,1,0,"0"
35499,70615,0,1,0,0,0,0,0,1,0,NA,NA,NA,"0"
60899,91559,0,1,0,0,0,0,0,1,1,0,0,0,"0"
22147,47875,0,1,0,0,0,0,0,1,1,0,1,0,"0"
30438,49772,0,1,0,0,0,0,0,1,1,1,0,0,"0"
34189,49386,0,1,0,0,0,0,0,1,1,1,1,1,"1"
50624,79161,0,1,0,0,0,0,1,0,0,0,0,0,"0"
20454,50661,0,1,0,0,0,0,1,0,0,0,0,1,"0"
781,25131,0,1,0,0,0,0,1,0,0,0,1,0,"0"
55074,98006,0,1,0,0,0,0,1,0,0,0,1,1,"0"
25916,88646,0,1,0,0,0,0,1,0,0,1,0,0,"0"
69992,90718,0,1,0,0,0,0,1,0,0,1,0,1,"0"
13411,19725,0,1,0,0,0,0,1,0,0,1,1,0,"0"
40799,91064,0,1,0,0,0,0,1,0,0,NA,NA,NA,"0"
21528,62006,0,1,0,0,0,0,1,0,1,0,0,0,"0"
59387,70459,0,1,0,0,0,0,1,0,1,0,0,1,"0"
30755,41364,0,1,0,0,0,0,1,0,1,0,1,0,"0"
28108,52572,0,1,0,0,0,0,1,0,1,0,1,1,"0"
41122,50286,0,1,0,0,0,0,1,0,1,1,0,0,"0"
8112,45705,0,1,0,0,0,0,1,0,1,1,0,1,"0"
49722,62332,0,1,0,0,0,0,1,0,1,1,1,0,"0"
20045,98326,0,1,0,0,0,0,1,0,1,1,1,1,"1"
86727,87991,0,1,0,0,0,0,1,1,0,0,0,0,"0"
26961,57418,0,1,0,0,0,0,1,1,0,0,0,1,"0"
20054,94516,0,1,0,0,0,0,1,1,0,0,1,0,"0"
18050,31934,0,1,0,0,0,0,1,1,0,0,1,1,"0"
89956,96212,0,1,0,0,0,0,1,1,0,1,0,0,"0"
22685,26742,0,1,0,0,0,0,1,1,0,1,0,1,"0"
34044,47668,0,1,0,0,0,0,1,1,0,1,1,0,"0"
93562,94474,0,1,0,0,0,0,1,1,0,NA,NA,NA,"0"
18701,98754,0,1,0,0,0,0,1,1,1,0,0,0,"0"
2789,96808,0,1,0,0,0,0,1,1,1,0,0,1,"0"
334,77530,0,1,0,0,0,0,1,1,1,0,1,0,"0"
3928,34716,0,1,0,0,0,0,1,1,1,0,1,1,"0"
87692,99162,0,1,0,0,0,0,1,1,1,1,0,0,"0"
18783,80988,0,1,0,0,0,0,1,1,1,1,0,1,"0"
19309,74775,0,1,0,0,0,0,1,1,1,1,1,0,"0"
47773,84708,0,1,0,0,0,0,1,1,1,1,1,1,"1"
38377,96403,0,1,0,0,0,1,0,0,0,0,0,0,"0"
30071,30515,0,1,0,0,0,1,0,0,0,0,0,1,"0"
80591,88323,0,1,0,0,0,1,0,0,0,0,1,0,"0"
49164,67721,0,1,0,0,0,1,0,0,0,0,1,1,"0"
59967,65994,0,1,0,0,0,1,0,0,0,1,0,0,"0"
16823,94215,0,1,0,0,0,1,0,0,0,1,0,1,"0"
17801,53204,0,1,0,0,0,1,0,0,0,1,1,0,"0"
72760,96601,0,1,0,0,0,1,0,0,0,NA,NA,NA,"0"
43542,85907,0,1,0,0,0,1,0,0,1,0,0,0,"0"
47308,61097,0,1,0,0,0,1,0,0,1,1,1,1,"1"
1899,64525,0,1,0,0,0,1,0,1,0,0,0,0,"0"
32963,66287,0,1,0,0,0,1,0,1,0,0,0,1,"0"
35265,69912,0,1,0,0,0,1,0,1,0,0,1,0,"0"
2598,95798,0,1,0,0,0,1,0,1,0,0,1,1,"0"
41417,56204,0,1,0,0,0,1,0,1,0,1,0,0,"0"
30806,43139,0,1,0,0,0,1,0,1,0,1,0,1,"0"
10131,15337,0,1,0,0,0,1,0,1,0,1,1,0,"0"
54321,74844,0,1,0,0,0,1,0,1,0,NA,NA,NA,"0"
3713,35150,0,1,0,0,0,1,0,1,1,0,0,0,"0"
11834,96656,0,1,0,0,0,1,0,1,1,0,0,1,"0"
1294,96271,0,1,0,0,0,1,0,1,1,0,1,0,"0"
41332,98016,0,1,0,0,0,1,0,1,1,1,0,0,"0"
2919,25152,0,1,0,0,0,1,0,1,1,1,1,1,"1"
31828,53312,0,1,0,0,0,1,1,0,0,0,0,0,"0"
10041,10156,0,1,0,0,0,1,1,0,0,0,0,1,"0"
48297,63505,0,1,0,0,0,1,1,0,0,0,1,0,"0"
66733,87971,0,1,0,0,0,1,1,0,0,0,1,1,"0"
28729,87415,0,1,0,0,0,1,1,0,0,1,0,0,"0"
54444,97401,0,1,0,0,0,1,1,0,0,1,0,1,"0"
54350,58706,0,1,0,0,0,1,1,0,0,1,1,0,"0"
7829,30759,0,1,0,0,0,1,1,0,0,NA,NA,NA,"0"
24463,75427,0,1,0,0,0,1,1,0,1,0,0,0,"0"
78015,95500,0,1,0,0,0,1,1,0,1,0,0,1,"0"
25485,86870,0,1,0,0,0,1,1,0,1,0,1,0,"0"
68595,96645,0,1,0,0,0,1,1,0,1,1,0,0,"0"
15266,74932,0,1,0,0,0,1,1,0,1,1,1,0,"0"
24806,95878,0,1,0,0,0,1,1,0,1,1,1,1,"1"
65521,83199,0,1,0,0,0,1,1,1,0,0,0,0,"0"
52262,55824,0,1,0,0,0,1,1,1,0,0,0,1,"0"
19047,76626,0,1,0,0,0,1,1,1,0,0,1,0,"0"
5483,89440,0,1,0,0,0,1,1,1,0,0,1,1,"0"
43429,96800,0,1,0,0,0,1,1,1,0,1,0,0,"0"
32168,67213,0,1,0,0,0,1,1,1,0,1,0,1,"0"
11423,14259,0,1,0,0,0,1,1,1,0,1,1,0,"0"
42990,85778,0,1,0,0,0,1,1,1,0,NA,NA,NA,"0"
43773,71321,0,1,0,0,0,1,1,1,1,0,0,0,"0"
44,81711,0,1,0,0,0,1,1,1,1,0,0,1,"0"
2518,17992,0,1,0,0,0,1,1,1,1,0,1,0,"0"
26977,76264,0,1,0,0,0,1,1,1,1,1,0,0,"0"
10374,41999,0,1,0,0,0,1,1,1,1,1,1,0,"0"
36666,52657,0,1,0,0,0,1,1,1,1,1,1,1,"1"
2344,96050,0,1,0,0,1,0,0,0,0,0,0,0,"0"
25266,54438,0,1,0,0,1,0,0,0,0,0,0,1,"0"
3520,40872,0,1,0,0,1,0,0,0,0,0,1,0,"0"
26589,69760,0,1,0,0,1,0,0,0,0,0,1,1,"0"
14970,21231,0,1,0,0,1,0,0,0,0,1,0,0,"0"
21853,61903,0,1,0,0,1,0,0,0,0,1,0,1,"0"
24298,57358,0,1,0,0,1,0,0,0,0,1,1,0,"0"
43656,88457,0,1,0,0,1,0,0,0,0,NA,NA,NA,"0"
30185,38281,0,1,0,0,1,0,0,0,1,0,0,0,"0"
55294,80750,0,1,0,0,1,0,0,0,1,1,0,0,"0"
80953,90879,0,1,0,0,1,0,0,0,1,1,1,1,"1"
36372,63514,0,1,0,0,1,0,0,1,0,0,0,0,"0"
14282,27841,0,1,0,0,1,0,0,1,0,0,0,1,"0"
14195,74062,0,1,0,0,1,0,0,1,0,0,1,0,"0"
1464,25024,0,1,0,0,1,0,0,1,0,0,1,1,"0"
16303,31268,0,1,0,0,1,0,0,1,0,1,0,0,"0"
14357,98644,0,1,0,0,1,0,0,1,0,1,0,1,"0"
47830,50428,0,1,0,0,1,0,0,1,0,1,1,0,"0"
45704,94615,0,1,0,0,1,0,0,1,0,NA,NA,NA,"0"
52952,80550,0,1,0,0,1,0,0,1,1,0,0,0,"0"
82259,86372,0,1,0,0,1,0,0,1,1,1,1,1,"1"
49080,57397,0,1,0,0,1,0,1,0,0,0,0,0,"0"
32052,46043,0,1,0,0,1,0,1,0,0,0,0,1,"0"
67960,98241,0,1,0,0,1,0,1,0,0,0,1,0,"0"
24836,73445,0,1,0,0,1,0,1,0,0,0,1,1,"0"
16206,22910,0,1,0,0,1,0,1,0,0,1,0,0,"0"
57621,67831,0,1,0,0,1,0,1,0,0,1,0,1,"0"
12335,77808,0,1,0,0,1,0,1,0,0,1,1,0,"0"
31578,74726,0,1,0,0,1,0,1,0,0,NA,NA,NA,"0"
43616,89456,0,1,0,0,1,0,1,0,1,0,0,0,"0"
2976,5851,0,1,0,0,1,0,1,0,1,0,0,1,"0"
40962,96726,0,1,0,0,1,0,1,0,1,0,1,0,"0"
67274,89535,0,1,0,0,1,0,1,0,1,0,1,1,"0"
25602,30887,0,1,0,0,1,0,1,0,1,1,0,0,"0"
48752,99250,0,1,0,0,1,0,1,0,1,1,1,0,"0"
22742,93300,0,1,0,0,1,0,1,0,1,1,1,1,"1"
2444,46675,0,1,0,0,1,0,1,1,0,0,0,0,"0"
55358,78864,0,1,0,0,1,0,1,1,0,0,0,1,"0"
51278,66385,0,1,0,0,1,0,1,1,0,0,1,0,"0"
76418,97098,0,1,0,0,1,0,1,1,0,0,1,1,"0"
29087,35479,0,1,0,0,1,0,1,1,0,1,0,0,"0"
25609,60474,0,1,0,0,1,0,1,1,0,1,0,1,"0"
49488,67220,0,1,0,0,1,0,1,1,0,1,1,0,"0"
17498,72684,0,1,0,0,1,0,1,1,0,NA,NA,NA,"0"
3899,12174,0,1,0,0,1,0,1,1,1,0,0,0,"0"
37448,92127,0,1,0,0,1,0,1,1,1,0,0,1,"0"
26179,89560,0,1,0,0,1,0,1,1,1,0,1,0,"0"
89883,91636,0,1,0,0,1,0,1,1,1,1,0,0,"0"
44169,45924,0,1,0,0,1,0,1,1,1,1,1,1,"1"
25706,37607,0,1,0,0,1,1,0,0,0,0,0,0,"0"
6136,79263,0,1,0,0,1,1,0,0,0,0,0,1,"0"
1660,28844,0,1,0,0,1,1,0,0,0,0,1,0,"0"
5291,7141,0,1,0,0,1,1,0,0,0,0,1,1,"0"
5234,94206,0,1,0,0,1,1,0,0,0,1,0,0,"0"
1136,53836,0,1,0,0,1,1,0,0,0,1,0,1,"0"
46122,51333,0,1,0,0,1,1,0,0,0,NA,NA,NA,"0"
51200,53765,0,1,0,0,1,1,0,0,1,0,0,0,"0"
22735,49984,0,1,0,0,1,1,0,0,1,0,1,0,"0"
2124,76629,0,1,0,0,1,1,0,0,1,1,0,0,"0"
51676,63468,0,1,0,0,1,1,0,0,1,1,1,1,"1"
67931,97725,0,1,0,0,1,1,0,1,0,0,0,0,"0"
37823,91740,0,1,0,0,1,1,0,1,0,0,0,1,"0"
14520,17027,0,1,0,0,1,1,0,1,0,0,1,0,"0"
12595,72156,0,1,0,0,1,1,0,1,0,0,1,1,"0"
29668,82441,0,1,0,0,1,1,0,1,0,1,0,0,"0"
71857,87924,0,1,0,0,1,1,0,1,0,1,0,1,"0"
14373,50004,0,1,0,0,1,1,0,1,0,1,1,0,"0"
32578,84893,0,1,0,0,1,1,0,1,0,NA,NA,NA,"0"
95262,97532,0,1,0,0,1,1,0,1,1,0,0,0,"0"
27703,55895,0,1,0,0,1,1,0,1,1,0,0,1,"0"
54015,82789,0,1,0,0,1,1,0,1,1,0,1,0,"0"
33116,33345,0,1,0,0,1,1,0,1,1,1,0,0,"0"
14985,30688,0,1,0,0,1,1,0,1,1,1,1,1,"1"
33502,72665,0,1,0,0,1,1,1,0,0,0,0,0,"0"
1214,12524,0,1,0,0,1,1,1,0,0,0,0,1,"0"
9163,10733,0,1,0,0,1,1,1,0,0,0,1,0,"0"
64694,93428,0,1,0,0,1,1,1,0,0,0,1,1,"0"
74269,78444,0,1,0,0,1,1,1,0,0,1,0,0,"0"
39722,47470,0,1,0,0,1,1,1,0,0,NA,NA,NA,"0"
8419,30990,0,1,0,0,1,1,1,0,1,0,0,0,"0"
2779,72497,0,1,0,0,1,1,1,0,1,0,0,1,"0"
34429,80866,0,1,0,0,1,1,1,0,1,0,1,0,"0"
7141,93354,0,1,0,0,1,1,1,0,1,1,0,0,"0"
16186,60965,0,1,0,0,1,1,1,0,1,1,1,1,"1"
60604,93343,0,1,0,0,1,1,1,1,0,0,0,0,"0"
18305,76381,0,1,0,0,1,1,1,1,0,0,0,1,"0"
42774,95074,0,1,0,0,1,1,1,1,0,0,1,0,"0"
23137,64283,0,1,0,0,1,1,1,1,0,1,0,0,"0"
57179,76709,0,1,0,0,1,1,1,1,0,1,1,0,"0"
35845,58829,0,1,0,0,1,1,1,1,0,NA,NA,NA,"0"
20692,86851,0,1,0,0,1,1,1,1,1,0,0,0,"0"
37867,52468,0,1,0,0,1,1,1,1,1,0,0,1,"0"
45086,91697,0,1,0,0,1,1,1,1,1,0,1,0,"0"
36004,94268,0,1,0,0,1,1,1,1,1,1,0,0,"0"
27854,30641,0,1,0,0,1,1,1,1,1,1,1,0,"0"
19641,57027,0,1,0,0,1,1,1,1,1,1,1,1,"1"
9588,68713,0,1,0,1,0,0,0,0,0,0,0,0,"0"
59669,60397,0,1,0,1,0,0,0,0,0,0,0,1,"0"
53377,93232,0,1,0,1,0,0,0,0,0,0,1,0,"0"
46918,93653,0,1,0,1,0,0,0,0,0,0,1,1,"0"
2664,21466,0,1,0,1,0,0,0,0,0,1,0,0,"0"
8889,41922,0,1,0,1,0,0,0,0,0,1,0,1,"0"
64944,73377,0,1,0,1,0,0,0,0,0,1,1,0,"0"
28310,40247,0,1,0,1,0,0,0,0,0,NA,NA,NA,"0"
1710,99477,0,1,0,1,0,0,0,0,1,0,0,0,"0"
74257,92272,0,1,0,1,0,0,0,1,0,0,0,0,"0"
40608,81851,0,1,0,1,0,0,0,1,0,0,0,1,"0"
14991,89671,0,1,0,1,0,0,0,1,0,0,1,0,"0"
67933,77883,0,1,0,1,0,0,0,1,0,0,1,1,"0"
14656,79744,0,1,0,1,0,0,0,1,0,1,0,0,"0"
24720,98240,0,1,0,1,0,0,0,1,0,1,0,1,"0"
82329,89610,0,1,0,1,0,0,0,1,0,1,1,0,"0"
27770,70857,0,1,0,1,0,0,0,1,0,NA,NA,NA,"0"
37754,52866,0,1,0,1,0,0,0,1,1,0,0,0,"0"
78583,94459,0,1,0,1,0,0,0,1,1,0,0,1,"0"
88544,96070,0,1,0,1,0,0,0,1,1,0,1,0,"0"
56733,60170,0,1,0,1,0,0,1,0,0,0,0,0,"0"
40709,93874,0,1,0,1,0,0,1,0,0,0,0,1,"0"
16121,93133,0,1,0,1,0,0,1,0,0,0,1,0,"0"
39151,45856,0,1,0,1,0,0,1,0,0,0,1,1,"0"
51892,67306,0,1,0,1,0,0,1,0,0,1,0,0,"0"
66220,84344,0,1,0,1,0,0,1,0,0,1,0,1,"0"
30721,55555,0,1,0,1,0,0,1,0,0,1,1,0,"0"
26863,79268,0,1,0,1,0,0,1,0,0,NA,NA,NA,"0"
13537,62327,0,1,0,1,0,0,1,0,1,0,0,0,"0"
11424,43439,0,1,0,1,0,0,1,0,1,0,0,1,"0"
10252,36266,0,1,0,1,0,0,1,0,1,0,1,0,"0"
30852,32831,0,1,0,1,0,0,1,0,1,1,0,0,"0"
49814,88017,0,1,0,1,0,0,1,0,1,1,1,0,"0"
23912,41417,0,1,0,1,0,0,1,1,0,0,0,0,"0"
10947,79786,0,1,0,1,0,0,1,1,0,0,0,1,"0"
19023,55604,0,1,0,1,0,0,1,1,0,0,1,0,"0"
30623,30883,0,1,0,1,0,0,1,1,0,0,1,1,"0"
34565,39009,0,1,0,1,0,0,1,1,0,1,0,0,"0"
12783,81075,0,1,0,1,0,0,1,1,0,1,0,1,"0"
4143,31143,0,1,0,1,0,0,1,1,0,1,1,0,"0"
8286,33988,0,1,0,1,0,0,1,1,0,NA,NA,NA,"0"
25101,36790,0,1,0,1,0,0,1,1,1,0,0,0,"0"
7392,78288,0,1,0,1,0,0,1,1,1,0,0,1,"0"
66815,69645,0,1,0,1,0,0,1,1,1,0,1,0,"0"
56845,58435,0,1,0,1,0,0,1,1,1,1,0,0,"0"
49553,52355,0,1,0,1,0,1,0,0,0,0,0,0,"0"
53387,68089,0,1,0,1,0,1,0,0,0,0,0,1,"0"
13493,26454,0,1,0,1,0,1,0,0,0,0,1,0,"0"
40509,84609,0,1,0,1,0,1,0,0,0,0,1,1,"0"
16013,88449,0,1,0,1,0,1,0,0,0,1,0,0,"0"
72983,79860,0,1,0,1,0,1,0,0,0,1,0,1,"0"
75473,93730,0,1,0,1,0,1,0,0,0,1,1,0,"0"
37064,44589,0,1,0,1,0,1,0,0,0,NA,NA,NA,"0"
30214,39172,0,1,0,1,0,1,0,0,1,0,0,0,"0"
14650,98525,0,1,0,1,0,1,0,0,1,0,1,0,"0"
83977,96573,0,1,0,1,0,1,0,0,1,1,1,1,"1"
6084,57446,0,1,0,1,0,1,0,1,0,0,0,0,"0"
47142,54794,0,1,0,1,0,1,0,1,0,0,0,1,"0"
4040,60268,0,1,0,1,0,1,0,1,0,0,1,0,"0"
33298,53132,0,1,0,1,0,1,0,1,0,0,1,1,"0"
44043,79536,0,1,0,1,0,1,0,1,0,1,0,0,"0"
1634,77689,0,1,0,1,0,1,0,1,0,1,0,1,"0"
58278,95869,0,1,0,1,0,1,0,1,0,NA,NA,NA,"0"
14686,21156,0,1,0,1,0,1,0,1,1,0,0,0,"0"
16926,44186,0,1,0,1,0,1,0,1,1,0,1,0,"0"
27425,85138,0,1,0,1,0,1,0,1,1,1,0,0,"0"
2610,46244,0,1,0,1,0,1,0,1,1,1,1,1,"0"
35845,84720,0,1,0,1,0,1,1,0,0,0,0,0,"0"
17393,83019,0,1,0,1,0,1,1,0,0,0,0,1,"0"
27052,30167,0,1,0,1,0,1,1,0,0,0,1,0,"0"
73093,99917,0,1,0,1,0,1,1,0,0,0,1,1,"0"
8236,96758,0,1,0,1,0,1,1,0,0,1,0,0,"0"
24226,45997,0,1,0,1,0,1,1,0,0,1,1,0,"0"
8681,74050,0,1,0,1,0,1,1,0,0,NA,NA,NA,"0"
35621,82624,0,1,0,1,0,1,1,0,1,0,0,0,"0"
38535,83564,0,1,0,1,0,1,1,0,1,0,0,1,"0"
86985,97744,0,1,0,1,0,1,1,0,1,0,1,0,"0"
22575,28678,0,1,0,1,0,1,1,0,1,1,0,0,"0"
67901,98102,0,1,0,1,0,1,1,0,1,1,1,1,"1"
40220,73937,0,1,0,1,0,1,1,1,0,0,0,0,"0"
25229,80944,0,1,0,1,0,1,1,1,0,0,0,1,"0"
66494,92287,0,1,0,1,0,1,1,1,0,0,1,0,"0"
10719,93556,0,1,0,1,0,1,1,1,0,1,0,0,"0"
37292,47846,0,1,0,1,0,1,1,1,0,1,1,1,"0"
55592,87041,0,1,0,1,0,1,1,1,1,0,0,0,"0"
18199,24470,0,1,0,1,0,1,1,1,1,0,0,1,"0"
6485,68559,0,1,0,1,0,1,1,1,1,0,1,0,"0"
58377,92244,0,1,0,1,0,1,1,1,1,1,0,0,"0"
68855,74450,0,1,0,1,0,1,1,1,1,1,1,1,"1"
71365,80310,0,1,0,1,1,0,0,0,0,0,0,0,"0"
23833,31768,0,1,0,1,1,0,0,0,0,0,0,1,"0"
77516,80283,0,1,0,1,1,0,0,0,0,0,1,0,"0"
33117,38016,0,1,0,1,1,0,0,0,0,0,1,1,"0"
47515,95156,0,1,0,1,1,0,0,0,0,1,0,0,"0"
57571,80299,0,1,0,1,1,0,0,0,0,1,0,1,"0"
63422,78370,0,1,0,1,1,0,0,0,0,1,1,0,"0"
18885,20398,0,1,0,1,1,0,0,0,0,NA,NA,NA,"0"
66875,95396,0,1,0,1,1,0,0,0,1,0,0,0,"0"
12025,59398,0,1,0,1,1,0,0,0,1,0,0,1,"0"
22520,60385,0,1,0,1,1,0,0,0,1,1,0,0,"0"
85061,98388,0,1,0,1,1,0,0,0,1,1,1,1,"1"
7971,70420,0,1,0,1,1,0,0,1,0,0,0,0,"0"
41778,52682,0,1,0,1,1,0,0,1,0,0,0,1,"0"
29495,83490,0,1,0,1,1,0,0,1,0,0,1,0,"0"
48158,69634,0,1,0,1,1,0,0,1,0,0,1,1,"0"
26510,95243,0,1,0,1,1,0,0,1,0,1,0,0,"0"
19235,91509,0,1,0,1,1,0,0,1,0,1,0,1,"0"
6498,75264,0,1,0,1,1,0,0,1,0,NA,NA,NA,"0"
19631,56047,0,1,0,1,1,0,0,1,1,0,0,0,"0"
16703,38182,0,1,0,1,1,0,0,1,1,0,1,0,"0"
5377,95493,0,1,0,1,1,0,0,1,1,1,0,0,"0"
70924,76757,0,1,0,1,1,0,0,1,1,1,1,1,"1"
41350,87497,0,1,0,1,1,0,1,0,0,0,0,0,"0"
73238,77369,0,1,0,1,1,0,1,0,0,0,0,1,"0"
13956,62725,0,1,0,1,1,0,1,0,0,0,1,0,"0"
42930,91036,0,1,0,1,1,0,1,0,0,0,1,1,"0"
137,38016,0,1,0,1,1,0,1,0,0,1,0,0,"0"
22999,62825,0,1,0,1,1,0,1,0,0,1,0,1,"0"
37433,71779,0,1,0,1,1,0,1,0,0,1,1,0,"0"
47663,48001,0,1,0,1,1,0,1,0,0,NA,NA,NA,"0"
21424,48705,0,1,0,1,1,0,1,0,1,0,0,0,"0"
23514,81127,0,1,0,1,1,0,1,0,1,0,0,1,"0"
23806,37776,0,1,0,1,1,0,1,0,1,0,1,0,"0"
62255,85946,0,1,0,1,1,0,1,0,1,1,0,0,"0"
30401,41027,0,1,0,1,1,0,1,0,1,1,1,1,"1"
76833,90747,0,1,0,1,1,0,1,1,0,0,0,0,"0"
63159,75752,0,1,0,1,1,0,1,1,0,0,0,1,"0"
12928,14391,0,1,0,1,1,0,1,1,0,0,1,0,"0"
69439,82769,0,1,0,1,1,0,1,1,0,1,0,0,"0"
27821,99838,0,1,0,1,1,0,1,1,0,1,1,0,"0"
17498,89500,0,1,0,1,1,0,1,1,0,NA,NA,NA,"0"
3621,56674,0,1,0,1,1,0,1,1,1,0,0,0,"0"
48301,98651,0,1,0,1,1,0,1,1,1,0,0,1,"0"
52159,85366,0,1,0,1,1,0,1,1,1,0,1,0,"0"
38687,77649,0,1,0,1,1,0,1,1,1,1,1,1,"1"
12651,24534,0,1,0,1,1,1,0,0,0,0,0,0,"0"
36564,50740,0,1,0,1,1,1,0,0,0,0,0,1,"0"
39529,76381,0,1,0,1,1,1,0,0,0,0,1,0,"0"
1971,81299,0,1,0,1,1,1,0,0,0,1,0,0,"0"
67998,88492,0,1,0,1,1,1,0,0,0,1,0,1,"0"
5959,82597,0,1,0,1,1,1,0,0,0,NA,NA,NA,"0"
16698,38065,0,1,0,1,1,1,0,0,1,0,0,0,"0"
23800,88186,0,1,0,1,1,1,0,0,1,0,0,1,"0"
35932,46678,0,1,0,1,1,1,0,0,1,0,1,0,"0"
3773,41132,0,1,0,1,1,1,0,0,1,1,1,1,"1"
29417,96353,0,1,0,1,1,1,0,1,0,0,0,0,"0"
1845,56982,0,1,0,1,1,1,0,1,0,0,0,1,"0"
44353,44916,0,1,0,1,1,1,0,1,0,1,0,0,"0"
3122,5959,0,1,0,1,1,1,0,1,0,NA,NA,NA,"0"
23217,47096,0,1,0,1,1,1,0,1,1,0,0,0,"0"
30972,50376,0,1,0,1,1,1,0,1,1,0,1,0,"0"
30100,66738,0,1,0,1,1,1,0,1,1,1,0,0,"0"
13086,14800,0,1,0,1,1,1,0,1,1,1,0,1,"0"
49631,57475,0,1,0,1,1,1,0,1,1,1,1,0,"0"
21596,33858,0,1,0,1,1,1,0,1,1,1,1,1,"1"
32511,64959,0,1,0,1,1,1,1,0,0,0,0,0,"0"
44697,98593,0,1,0,1,1,1,1,0,0,0,0,1,"0"
1574,11990,0,1,0,1,1,1,1,0,0,0,1,0,"0"
39763,44775,0,1,0,1,1,1,1,0,0,0,1,1,"0"
1574,29070,0,1,0,1,1,1,1,0,0,1,0,0,"0"
54159,66628,0,1,0,1,1,1,1,0,0,1,1,1,"0"
5710,73915,0,1,0,1,1,1,1,0,1,0,0,0,"0"
83222,84492,0,1,0,1,1,1,1,0,1,0,0,1,"0"
32021,38894,0,1,0,1,1,1,1,0,1,0,1,0,"0"
44656,76986,0,1,0,1,1,1,1,0,1,1,0,0,"0"
32307,67812,0,1,0,1,1,1,1,0,1,1,1,1,"1"
40031,72587,0,1,0,1,1,1,1,1,0,0,0,0,"0"
5303,77528,0,1,0,1,1,1,1,1,0,1,1,1,"0"
44383,78595,0,1,0,1,1,1,1,1,1,0,0,0,"0"
17345,98373,0,1,0,1,1,1,1,1,1,0,0,1,"0"
28266,93601,0,1,0,1,1,1,1,1,1,0,1,0,"0"
36756,94529,0,1,0,1,1,1,1,1,1,0,1,1,"0"
17914,58906,0,1,0,1,1,1,1,1,1,1,0,0,"0"
19794,99242,0,1,0,1,1,1,1,1,1,1,1,1,"1"
17548,79496,0,1,1,0,0,0,0,0,0,0,0,0,"0"
34397,81665,0,1,1,0,0,0,0,0,0,0,0,1,"0"
46046,98425,0,1,1,0,0,0,0,0,0,0,1,0,"0"
51267,96960,0,1,1,0,0,0,0,0,0,0,1,1,"0"
23467,67018,0,1,1,0,0,0,0,0,0,1,0,0,"0"
31995,78528,0,1,1,0,0,0,0,0,0,1,0,1,"0"
12998,52207,0,1,1,0,0,0,0,0,0,1,1,0,"0"
30097,63886,0,1,1,0,0,0,0,0,0,NA,NA,NA,"0"
46215,68175,0,1,1,0,0,0,0,0,1,1,1,1,"1"
1659,93055,0,1,1,0,0,0,0,1,0,0,0,0,"0"
64569,88038,0,1,1,0,0,0,0,1,0,0,0,1,"0"
95951,97180,0,1,1,0,0,0,0,1,0,0,1,0,"0"
77204,86534,0,1,1,0,0,0,0,1,0,0,1,1,"0"
81216,91119,0,1,1,0,0,0,0,1,0,1,0,0,"0"
79339,81550,0,1,1,0,0,0,0,1,0,1,0,1,"0"
755,84491,0,1,1,0,0,0,0,1,0,1,1,0,"0"
39695,68655,0,1,1,0,0,0,0,1,0,NA,NA,NA,"0"
19072,62338,0,1,1,0,0,0,0,1,1,1,1,1,"1"
41472,70884,0,1,1,0,0,0,1,0,0,0,0,0,"0"
46901,71322,0,1,1,0,0,0,1,0,0,0,0,1,"0"
23076,75476,0,1,1,0,0,0,1,0,0,0,1,0,"0"
8705,89044,0,1,1,0,0,0,1,0,0,0,1,1,"0"
24906,67075,0,1,1,0,0,0,1,0,0,1,0,0,"0"
65748,67634,0,1,1,0,0,0,1,0,0,1,0,1,"0"
51354,81626,0,1,1,0,0,0,1,0,0,1,1,0,"0"
63788,68309,0,1,1,0,0,0,1,0,0,NA,NA,NA,"0"
33035,99166,0,1,1,0,0,0,1,0,1,0,0,0,"0"
13210,50930,0,1,1,0,0,0,1,0,1,0,0,1,"0"
48419,60843,0,1,1,0,0,0,1,0,1,0,1,0,"0"
6635,6934,0,1,1,0,0,0,1,0,1,0,1,1,"0"
25497,33612,0,1,1,0,0,0,1,0,1,1,0,0,"0"
47938,59099,0,1,1,0,0,0,1,0,1,1,0,1,"0"
31372,87001,0,1,1,0,0,0,1,0,1,1,1,0,"0"
13026,76937,0,1,1,0,0,0,1,0,1,1,1,1,"1"
4670,38596,0,1,1,0,0,0,1,1,0,0,0,0,"0"
4420,88765,0,1,1,0,0,0,1,1,0,0,0,1,"0"
73233,99369,0,1,1,0,0,0,1,1,0,0,1,0,"0"
35474,89002,0,1,1,0,0,0,1,1,0,0,1,1,"0"
42069,84926,0,1,1,0,0,0,1,1,0,1,0,0,"0"
15616,27349,0,1,1,0,0,0,1,1,0,NA,NA,NA,"0"
14289,82305,0,1,1,0,0,0,1,1,1,0,0,0,"0"
10800,52262,0,1,1,0,0,0,1,1,1,0,0,1,"0"
5546,81263,0,1,1,0,0,0,1,1,1,0,1,0,"0"
4018,95807,0,1,1,0,0,0,1,1,1,1,1,1,"1"
6774,81423,0,1,1,0,0,1,0,0,0,0,0,0,"0"
56744,99147,0,1,1,0,0,1,0,0,0,0,0,1,"0"
703,44646,0,1,1,0,0,1,0,0,0,0,1,0,"0"
49020,88573,0,1,1,0,0,1,0,0,0,0,1,1,"0"
16055,52555,0,1,1,0,0,1,0,0,0,1,0,0,"0"
48431,66773,0,1,1,0,0,1,0,0,0,1,0,1,"0"
26252,35337,0,1,1,0,0,1,0,0,0,NA,NA,NA,"0"
72976,94092,0,1,1,0,0,1,0,0,1,1,1,1,"1"
72032,94393,0,1,1,0,0,1,0,1,0,0,0,0,"0"
70650,81906,0,1,1,0,0,1,0,1,0,0,0,1,"0"
37597,80505,0,1,1,0,0,1,0,1,0,0,1,0,"0"
5323,70130,0,1,1,0,0,1,0,1,0,0,1,1,"0"
8148,70327,0,1,1,0,0,1,0,1,0,1,0,0,"0"
8639,66356,0,1,1,0,0,1,0,1,0,NA,NA,NA,"0"
67834,83447,0,1,1,0,0,1,0,1,1,1,1,1,"1"
55123,68858,0,1,1,0,0,1,1,0,0,0,0,0,"0"
54470,87325,0,1,1,0,0,1,1,0,0,0,0,1,"0"
57332,70167,0,1,1,0,0,1,1,0,0,0,1,0,"0"
90798,94436,0,1,1,0,0,1,1,0,0,0,1,1,"0"
6721,93876,0,1,1,0,0,1,1,0,0,1,0,0,"0"
6900,72649,0,1,1,0,0,1,1,0,0,NA,NA,NA,"0"
49862,70323,0,1,1,0,0,1,1,0,1,0,0,0,"0"
52609,91287,0,1,1,0,0,1,1,0,1,0,0,1,"0"
52801,78616,0,1,1,0,0,1,1,0,1,0,1,0,"0"
36354,94436,0,1,1,0,0,1,1,0,1,1,0,0,"0"
7946,55935,0,1,1,0,0,1,1,0,1,1,1,1,"1"
23052,66799,0,1,1,0,0,1,1,1,0,0,0,0,"0"
66799,72032,0,1,1,0,0,1,1,1,0,0,0,1,"0"
64221,86415,0,1,1,0,0,1,1,1,0,0,1,0,"0"
10973,67546,0,1,1,0,0,1,1,1,0,NA,NA,NA,"0"
13103,71499,0,1,1,0,0,1,1,1,1,0,0,0,"0"
2171,59065,0,1,1,0,0,1,1,1,1,1,1,1,"1"
48879,67873,0,1,1,0,1,0,0,0,0,0,0,0,"0"
83965,94442,0,1,1,0,1,0,0,0,0,0,0,1,"0"
298,94388,0,1,1,0,1,0,0,0,0,0,1,0,"0"
10572,35171,0,1,1,0,1,0,0,0,0,0,1,1,"0"
14490,66003,0,1,1,0,1,0,0,0,0,1,0,0,"0"
36619,78652,0,1,1,0,1,0,0,0,0,1,0,1,"0"
1216,6086,0,1,1,0,1,0,0,0,0,1,1,0,"0"
34788,97986,0,1,1,0,1,0,0,0,0,NA,NA,NA,"0"
46169,83423,0,1,1,0,1,0,0,0,1,1,1,1,"1"
35846,76317,0,1,1,0,1,0,0,1,0,0,0,0,"0"
36071,79889,0,1,1,0,1,0,0,1,0,0,0,1,"0"
24692,69439,0,1,1,0,1,0,0,1,0,0,1,0,"0"
66200,81694,0,1,1,0,1,0,0,1,0,0,1,1,"0"
25462,80195,0,1,1,0,1,0,0,1,0,1,0,0,"0"
11271,48770,0,1,1,0,1,0,0,1,0,NA,NA,NA,"0"
80269,89504,0,1,1,0,1,0,0,1,1,0,0,0,"0"
9300,70439,0,1,1,0,1,0,0,1,1,1,1,1,"1"
53522,58883,0,1,1,0,1,0,1,0,0,0,0,0,"0"
6635,47462,0,1,1,0,1,0,1,0,0,0,0,1,"0"
6803,87793,0,1,1,0,1,0,1,0,0,0,1,0,"0"
30123,75579,0,1,1,0,1,0,1,0,0,0,1,1,"0"
17785,75681,0,1,1,0,1,0,1,0,0,1,0,0,"0"
62991,89027,0,1,1,0,1,0,1,0,0,1,0,1,"0"
13191,90283,0,1,1,0,1,0,1,0,0,NA,NA,NA,"0"
52080,59213,0,1,1,0,1,0,1,0,1,0,0,0,"0"
23122,32884,0,1,1,0,1,0,1,0,1,0,0,1,"0"
43925,54338,0,1,1,0,1,0,1,0,1,0,1,0,"0"
2903,48299,0,1,1,0,1,0,1,0,1,1,1,1,"1"
31636,98358,0,1,1,0,1,0,1,1,0,0,0,0,"0"
23015,52597,0,1,1,0,1,0,1,1,0,0,0,1,"0"
79882,98250,0,1,1,0,1,0,1,1,0,0,1,0,"0"
55558,64077,0,1,1,0,1,0,1,1,0,1,0,0,"0"
7328,25983,0,1,1,0,1,0,1,1,0,NA,NA,NA,"0"
2408,62742,0,1,1,0,1,0,1,1,1,0,0,0,"0"
49154,87021,0,1,1,0,1,0,1,1,1,0,1,0,"0"
4402,44242,0,1,1,0,1,0,1,1,1,1,1,0,"0"
54456,59346,0,1,1,0,1,0,1,1,1,1,1,1,"1"
24422,29734,0,1,1,0,1,1,0,0,0,0,0,0,"0"
36083,71590,0,1,1,0,1,1,0,0,0,0,0,1,"0"
38839,41888,0,1,1,0,1,1,0,0,0,0,1,0,"0"
20174,29438,0,1,1,0,1,1,0,0,0,0,1,1,"0"
2110,63692,0,1,1,0,1,1,0,0,0,1,0,0,"0"
18730,67755,0,1,1,0,1,1,0,0,0,NA,NA,NA,"0"
29568,83584,0,1,1,0,1,1,0,0,1,0,0,1,"0"
1794,79214,0,1,1,0,1,1,0,0,1,1,1,1,"1"
62232,77710,0,1,1,0,1,1,0,1,0,0,0,0,"0"
15287,72684,0,1,1,0,1,1,0,1,0,0,1,0,"0"
28928,38137,0,1,1,0,1,1,0,1,1,1,1,1,"1"
37372,67546,0,1,1,0,1,1,1,0,0,0,0,0,"0"
58846,91757,0,1,1,0,1,1,1,0,0,0,0,1,"0"
15463,34780,0,1,1,0,1,1,1,0,0,NA,NA,NA,"0"
33804,44789,0,1,1,0,1,1,1,0,1,0,0,0,"0"
8917,80624,0,1,1,0,1,1,1,0,1,1,1,1,"1"
74062,79911,0,1,1,0,1,1,1,1,0,0,0,0,"0"
33957,48598,0,1,1,0,1,1,1,1,0,1,0,0,"0"
25132,66843,0,1,1,0,1,1,1,1,1,0,0,0,"0"
4168,82885,0,1,1,0,1,1,1,1,1,0,1,0,"0"
29376,67485,0,1,1,0,1,1,1,1,1,1,1,1,"1"
55895,56266,0,1,1,1,0,0,0,0,0,0,0,0,"1"
57721,60411,0,1,1,1,0,0,0,0,0,0,0,1,"0"
48303,51422,0,1,1,1,0,0,0,0,0,0,1,0,"0"
17607,41934,0,1,1,1,0,0,0,0,0,0,1,1,"0"
31529,96795,0,1,1,1,0,0,0,0,0,1,0,0,"0"
13816,28520,0,1,1,1,0,0,0,0,0,1,0,1,"0"
76712,79963,0,1,1,1,0,0,0,0,0,NA,NA,NA,"0"
9384,13429,0,1,1,1,0,0,0,1,0,0,0,0,"0"
51150,76980,0,1,1,1,0,0,0,1,0,0,0,1,"0"
86237,90113,0,1,1,1,0,0,0,1,0,0,1,0,"0"
47553,73140,0,1,1,1,0,0,0,1,0,0,1,1,"0"
11103,24107,0,1,1,1,0,0,0,1,0,1,0,0,"0"
16422,29410,0,1,1,1,0,0,0,1,0,NA,NA,NA,"0"
58108,88251,0,1,1,1,0,0,0,1,1,0,0,0,"0"
23382,54963,0,1,1,1,0,0,0,1,1,1,1,1,"1"
44153,59877,0,1,1,1,0,0,1,0,0,0,0,0,"0"
41279,87602,0,1,1,1,0,0,1,0,0,0,0,1,"0"
59796,89632,0,1,1,1,0,0,1,0,0,0,1,0,"0"
13871,68650,0,1,1,1,0,0,1,0,0,0,1,1,"0"
13951,61152,0,1,1,1,0,0,1,0,0,1,0,0,"0"
38306,93500,0,1,1,1,0,0,1,0,0,1,0,1,"0"
18224,44842,0,1,1,1,0,0,1,0,0,1,1,0,"0"
37399,41551,0,1,1,1,0,0,1,0,0,NA,NA,NA,"0"
29649,84536,0,1,1,1,0,0,1,0,1,0,0,0,"0"
59099,69833,0,1,1,1,0,0,1,0,1,0,0,1,"0"
12887,33859,0,1,1,1,0,0,1,0,1,0,1,0,"0"
6735,40246,0,1,1,1,0,0,1,0,1,1,1,1,"1"
7021,62323,0,1,1,1,0,0,1,1,0,0,0,0,"0"
23849,29334,0,1,1,1,0,0,1,1,0,0,0,1,"0"
10516,60916,0,1,1,1,0,0,1,1,0,0,1,0,"0"
35548,55623,0,1,1,1,0,0,1,1,0,1,0,0,"0"
50807,67590,0,1,1,1,0,0,1,1,1,0,1,0,"0"
50993,99874,0,1,1,1,0,0,1,1,1,1,0,1,"0"
18767,77997,0,1,1,1,0,0,1,1,1,1,1,1,"1"
31202,63651,0,1,1,1,0,1,0,0,0,0,0,0,"0"
23189,95580,0,1,1,1,0,1,0,0,0,0,0,1,"0"
57237,86230,0,1,1,1,0,1,0,0,0,0,1,0,"0"
43931,98225,0,1,1,1,0,1,0,0,0,0,1,1,"0"
58956,79906,0,1,1,1,0,1,0,0,0,1,0,0,"0"
15304,56056,0,1,1,1,0,1,0,0,0,1,0,1,"0"
64880,94435,0,1,1,1,0,1,0,0,0,NA,NA,NA,"0"
25114,31710,0,1,1,1,0,1,0,0,1,0,0,0,"0"
11348,81575,0,1,1,1,0,1,0,0,1,1,0,0,"0"
29850,89428,0,1,1,1,0,1,0,1,0,0,0,0,"0"
30754,71049,0,1,1,1,0,1,0,1,0,0,0,1,"0"
21444,80220,0,1,1,1,0,1,0,1,0,0,1,0,"0"
32034,95861,0,1,1,1,0,1,0,1,0,1,0,0,"0"
26343,96488,0,1,1,1,0,1,0,1,1,0,0,0,"0"
2318,76581,0,1,1,1,0,1,0,1,1,0,0,1,"0"
7636,80376,0,1,1,1,0,1,0,1,1,1,1,1,"1"
36463,90883,0,1,1,1,0,1,1,0,0,0,0,0,"0"
2988,57233,0,1,1,1,0,1,1,0,0,0,0,1,"0"
52262,74946,0,1,1,1,0,1,1,0,0,0,1,0,"0"
23281,84177,0,1,1,1,0,1,1,0,0,1,0,0,"0"
39076,97465,0,1,1,1,0,1,1,0,0,1,1,1,"0"
15223,55790,0,1,1,1,0,1,1,0,1,0,0,0,"0"
23066,60040,0,1,1,1,0,1,1,0,1,1,0,0,"0"
61671,97417,0,1,1,1,0,1,1,0,1,1,1,1,"1"
5422,23130,0,1,1,1,0,1,1,1,0,0,0,0,"0"
2457,79581,0,1,1,1,0,1,1,1,1,0,0,0,"0"
3981,32975,0,1,1,1,0,1,1,1,1,1,1,1,"1"
79664,92457,0,1,1,1,1,0,0,0,0,0,0,0,"0"
48389,89625,0,1,1,1,1,0,0,0,0,0,0,1,"0"
18348,55069,0,1,1,1,1,0,0,0,0,0,1,0,"0"
34003,39419,0,1,1,1,1,0,0,0,0,1,0,0,"0"
15002,86754,0,1,1,1,1,0,0,0,0,NA,NA,NA,"0"
14389,98950,0,1,1,1,1,0,0,0,1,0,0,0,"0"
40295,76071,0,1,1,1,1,0,0,0,1,1,1,1,"1"
66850,74233,0,1,1,1,1,0,0,1,0,0,0,0,"0"
23605,76970,0,1,1,1,1,0,0,1,0,0,0,1,"0"
14391,55963,0,1,1,1,1,0,0,1,0,0,1,0,"0"
13860,76980,0,1,1,1,1,0,0,1,0,1,0,0,"0"
46957,98504,0,1,1,1,1,0,0,1,1,1,1,1,"1"
26606,73691,0,1,1,1,1,0,1,0,0,0,0,0,"0"
48001,67499,0,1,1,1,1,0,1,0,0,NA,NA,NA,"0"
23165,30388,0,1,1,1,1,0,1,0,1,0,0,0,"0"
14341,39671,0,1,1,1,1,0,1,0,1,0,1,0,"0"
51482,70022,0,1,1,1,1,0,1,0,1,1,0,0,"0"
40651,65166,0,1,1,1,1,0,1,0,1,1,1,1,"1"
60474,86754,0,1,1,1,1,0,1,1,0,NA,NA,NA,"0"
20138,84721,0,1,1,1,1,0,1,1,1,0,0,0,"0"
36137,81678,0,1,1,1,1,0,1,1,1,1,1,1,"1"
28687,48598,0,1,1,1,1,1,0,0,0,0,0,0,"0"
32512,91030,0,1,1,1,1,1,0,0,0,0,1,0,"0"
2110,48196,0,1,1,1,1,1,0,0,0,1,0,0,"0"
25453,44910,0,1,1,1,1,1,0,0,1,0,0,0,"0"
29585,54941,0,1,1,1,1,1,0,0,1,1,1,1,"1"
34070,84826,0,1,1,1,1,1,0,1,1,0,0,0,"0"
33760,44181,0,1,1,1,1,1,0,1,1,0,1,0,"0"
68375,96228,0,1,1,1,1,1,0,1,1,1,1,1,"1"
51160,83132,0,1,1,1,1,1,1,0,0,0,0,0,"0"
38354,93722,0,1,1,1,1,1,1,0,0,1,1,1,"0"
11193,69524,0,1,1,1,1,1,1,0,1,0,0,0,"0"
5047,92865,0,1,1,1,1,1,1,0,1,0,1,0,"0"
12193,27796,0,1,1,1,1,1,1,0,1,1,1,1,"1"
60967,89929,0,1,1,1,1,1,1,1,1,0,0,0,"0"
58713,67830,0,1,1,1,1,1,1,1,1,0,1,0,"0"
34406,67615,0,1,1,1,1,1,1,1,1,1,0,0,"0"
5070,67412,0,1,1,1,1,1,1,1,1,1,1,1,"1"
74062,86369,1,0,0,0,0,0,0,0,1,1,1,1,"1"
21639,34028,1,0,0,0,0,0,0,1,1,1,1,1,"1"
31806,46453,1,0,0,0,0,0,1,0,1,1,1,1,"1"
8557,29668,1,0,0,0,0,0,1,1,1,1,1,1,"1"
69584,97931,1,0,0,0,0,1,0,0,1,1,1,1,"1"
27315,36640,1,0,0,0,0,1,0,1,1,1,1,1,"1"
4985,13360,1,0,0,0,0,1,1,0,1,1,1,1,"1"
17884,37740,1,0,0,0,0,1,1,1,1,1,1,1,"1"
1893,55428,1,0,0,0,1,0,0,0,1,1,1,1,"1"
12320,73814,1,0,0,0,1,0,0,1,1,1,1,1,"1"
18974,31190,1,0,0,0,1,0,1,0,1,1,1,1,"1"
12602,62000,1,0,0,0,1,0,1,1,1,1,1,1,"1"
24801,64493,1,0,0,0,1,1,0,0,1,1,1,1,"1"
20361,50273,1,0,0,0,1,1,0,1,1,1,1,1,"1"
12750,61447,1,0,0,0,1,1,1,0,1,1,1,1,"1"
54329,64470,1,0,0,0,1,1,1,1,1,1,1,1,"1"
20390,87873,1,0,0,1,0,0,0,0,1,1,1,1,"1"
71173,90378,1,0,0,1,0,0,0,1,1,1,1,1,"1"
51546,76985,1,0,0,1,0,0,1,0,1,1,1,1,"1"
14328,45591,1,0,0,1,0,0,1,1,1,1,1,1,"1"
14108,66805,1,0,0,1,0,1,0,0,1,1,1,1,"1"
83767,84636,1,0,0,1,0,1,0,1,1,1,1,1,"1"
31385,89886,1,0,0,1,0,1,1,0,1,1,1,1,"1"
43412,46227,1,0,0,1,0,1,1,1,1,1,1,1,"1"
55135,74582,1,0,0,1,1,0,0,0,1,1,1,1,"1"
18348,55747,1,0,0,1,1,0,0,1,1,1,1,1,"1"
12075,28128,1,0,0,1,1,0,1,0,1,1,1,1,"1"
59760,96723,1,0,0,1,1,0,1,1,1,1,1,1,"1"
9658,18682,1,0,0,1,1,1,0,0,1,1,1,1,"1"
4781,79358,1,0,0,1,1,1,0,1,1,1,1,1,"1"
40942,71392,1,0,0,1,1,1,1,0,1,1,1,1,"1"
19226,87632,1,0,0,1,1,1,1,1,1,1,1,1,"1"
89432,93858,1,0,1,0,0,0,0,0,1,1,1,1,"1"
1589,13352,1,0,1,0,0,0,0,1,1,1,1,1,"1"
63352,89961,1,0,1,0,0,0,1,0,1,1,1,1,"1"
51737,58555,1,0,1,0,0,0,1,1,1,1,1,1,"1"
12394,28584,1,0,1,0,0,1,0,0,1,1,1,1,"1"
7136,73823,1,0,1,0,0,1,0,1,1,1,1,1,"1"
62340,69079,1,0,1,0,0,1,1,0,1,1,1,1,"1"
67731,93219,1,0,1,0,0,1,1,1,1,1,1,1,"1"
44363,84445,1,0,1,0,1,0,0,0,1,1,1,1,"1"
69010,75708,1,0,1,0,1,0,0,1,1,1,1,1,"1"
28985,88657,1,0,1,0,1,0,1,0,1,1,1,1,"1"
10873,15100,1,0,1,0,1,0,1,1,1,1,1,1,"1"
63227,76466,1,0,1,0,1,1,0,0,1,1,1,1,"1"
11082,13383,1,0,1,0,1,1,0,1,1,1,1,1,"1"
33208,72565,1,0,1,0,1,1,1,0,1,1,1,1,"1"
28232,51674,1,0,1,0,1,1,1,1,1,1,1,1,"1"
37444,77166,1,0,1,1,0,0,0,0,1,1,1,1,"1"
27712,97444,1,0,1,1,0,0,0,1,1,1,1,1,"1"
29809,56321,1,0,1,1,0,0,1,0,1,1,1,1,"1"
32308,57125,1,0,1,1,0,0,1,1,1,1,1,1,"1"
2990,16722,1,0,1,1,0,1,0,0,1,1,1,1,"1"
35246,67572,1,0,1,1,0,1,0,1,1,1,1,1,"1"
13744,32442,1,0,1,1,0,1,1,0,1,1,1,1,"1"
27931,94728,1,0,1,1,0,1,1,1,1,1,1,1,"1"
21372,62099,1,0,1,1,1,0,0,0,1,1,1,1,"1"
13609,80767,1,0,1,1,1,0,0,1,1,1,1,1,"1"
71474,93683,1,0,1,1,1,0,1,0,1,1,1,1,"1"
4842,55475,1,0,1,1,1,0,1,1,1,1,1,1,"1"
4730,94914,1,0,1,1,1,1,0,0,1,1,1,1,"1"
46334,95062,1,0,1,1,1,1,0,1,1,1,1,1,"1"
43914,73257,1,0,1,1,1,1,1,0,1,1,1,1,"1"
2331,13977,1,0,1,1,1,1,1,1,1,1,1,1,"1"
24115,43035,1,1,0,0,0,0,0,0,0,0,0,0,"0"
13069,35234,1,1,0,0,0,0,0,0,0,0,1,0,"0"
94312,97974,1,1,0,0,0,0,0,0,0,1,0,0,"0"
24588,59284,1,1,0,0,0,0,0,0,0,1,1,1,"1"
18003,98162,1,1,0,0,0,0,0,0,1,1,1,1,"1"
14559,93974,1,1,0,0,0,0,0,1,0,1,1,1,"1"
7917,19031,1,1,0,0,0,0,0,1,1,1,1,1,"1"
16404,62054,1,1,0,0,0,0,0,1,1,NA,NA,NA,"1"
50966,74348,1,1,0,0,0,0,1,0,1,1,1,1,"1"
76893,80098,1,1,0,0,0,0,1,0,1,NA,NA,NA,"1"
54172,78879,1,1,0,0,0,0,1,1,0,1,1,1,"1"
44031,65454,1,1,0,0,0,0,1,1,1,1,1,1,"1"
32930,66230,1,1,0,0,0,0,1,1,1,NA,NA,NA,"1"
75795,94766,1,1,0,0,0,1,0,0,0,1,1,1,"1"
39711,91033,1,1,0,0,0,1,0,0,1,1,1,1,"1"
4580,32550,1,1,0,0,0,1,0,0,1,NA,NA,NA,"1"
26682,74611,1,1,0,0,0,1,0,1,0,1,1,1,"1"
53227,55295,1,1,0,0,0,1,0,1,1,1,1,1,"1"
40229,89752,1,1,0,0,0,1,0,1,1,NA,NA,NA,"1"
26028,40574,1,1,0,0,0,1,1,0,0,1,1,1,"1"
18923,58210,1,1,0,0,0,1,1,0,1,1,1,1,"1"
26640,79125,1,1,0,0,0,1,1,0,1,NA,NA,NA,"1"
12106,99144,1,1,0,0,0,1,1,1,0,1,1,1,"1"
2285,75008,1,1,0,0,0,1,1,1,1,1,1,1,"1"
56308,87189,1,1,0,0,0,1,1,1,1,NA,NA,NA,"1"
13170,63222,1,1,0,0,1,0,0,0,0,1,1,1,"1"
29225,57044,1,1,0,0,1,0,0,0,1,1,1,1,"1"
15434,69614,1,1,0,0,1,0,0,0,1,NA,NA,NA,"1"
44942,54328,1,1,0,0,1,0,0,1,0,1,1,1,"1"
6114,74342,1,1,0,0,1,0,0,1,1,1,1,1,"1"
635,70032,1,1,0,0,1,0,0,1,1,NA,NA,NA,"1"
14369,33730,1,1,0,0,1,0,1,0,0,1,1,1,"1"
57366,96399,1,1,0,0,1,0,1,0,1,1,1,1,"1"
6827,47544,1,1,0,0,1,0,1,0,1,NA,NA,NA,"1"
13869,20951,1,1,0,0,1,0,1,1,0,0,0,0,"0"
71510,90443,1,1,0,0,1,0,1,1,0,0,1,0,"0"
17854,94818,1,1,0,0,1,0,1,1,0,1,1,1,"1"
32397,46529,1,1,0,0,1,0,1,1,1,1,1,1,"1"
2282,69753,1,1,0,0,1,0,1,1,1,NA,NA,NA,"1"
38290,49641,1,1,0,0,1,1,0,0,0,0,0,0,"0"
31751,97618,1,1,0,0,1,1,0,0,0,1,1,1,"1"
13364,46900,1,1,0,0,1,1,0,0,1,1,1,1,"1"
25791,95442,1,1,0,0,1,1,0,0,1,NA,NA,NA,"1"
27846,62692,1,1,0,0,1,1,0,1,0,0,0,0,"0"
34874,35141,1,1,0,0,1,1,0,1,0,0,0,1,"0"
11850,12328,1,1,0,0,1,1,0,1,0,1,1,1,"1"
34036,76983,1,1,0,0,1,1,0,1,1,1,1,1,"1"
85373,89094,1,1,0,0,1,1,0,1,1,NA,NA,NA,"1"
15401,84051,1,1,0,0,1,1,1,0,0,1,1,1,"1"
24531,83419,1,1,0,0,1,1,1,0,1,1,1,1,"1"
29599,32494,1,1,0,0,1,1,1,0,1,NA,NA,NA,"1"
15296,66491,1,1,0,0,1,1,1,1,0,0,0,0,"0"
10282,72915,1,1,0,0,1,1,1,1,0,1,0,0,"0"
23233,64996,1,1,0,0,1,1,1,1,0,1,1,1,"1"
3505,29818,1,1,0,0,1,1,1,1,1,1,1,1,"1"
58059,69238,1,1,0,0,1,1,1,1,1,NA,NA,NA,"1"
59837,95545,1,1,0,1,0,0,0,0,0,1,1,1,"1"
51696,87226,1,1,0,1,0,0,0,0,1,1,1,1,"1"
34935,37303,1,1,0,1,0,0,0,0,1,NA,NA,NA,"1"
55065,75979,1,1,0,1,0,0,0,1,0,1,1,1,"1"
122,67721,1,1,0,1,0,0,0,1,1,1,1,1,"1"
36385,97932,1,1,0,1,0,0,0,1,1,NA,NA,NA,"1"
33220,93297,1,1,0,1,0,0,1,0,0,1,1,1,"1"
4160,13481,1,1,0,1,0,0,1,0,1,1,1,1,"1"
34650,92921,1,1,0,1,0,0,1,0,1,NA,NA,NA,"1"
2779,33449,1,1,0,1,0,0,1,1,0,1,1,1,"1"
72277,93185,1,1,0,1,0,0,1,1,1,1,1,1,"1"
15983,70948,1,1,0,1,0,0,1,1,1,NA,NA,NA,"1"
21478,35848,1,1,0,1,0,1,0,0,0,1,1,1,"1"
88960,91974,1,1,0,1,0,1,0,0,1,1,1,1,"1"
95881,97000,1,1,0,1,0,1,0,0,1,NA,NA,NA,"1"
67902,83923,1,1,0,1,0,1,0,1,0,1,1,1,"1"
59253,85893,1,1,0,1,0,1,0,1,1,1,1,1,"1"
6051,42087,1,1,0,1,0,1,0,1,1,NA,NA,NA,"1"
39640,78153,1,1,0,1,0,1,1,0,1,1,1,1,"1"
45995,48742,1,1,0,1,0,1,1,0,1,NA,NA,NA,"1"
96726,97680,1,1,0,1,0,1,1,1,0,1,1,1,"1"
3058,88881,1,1,0,1,0,1,1,1,1,1,1,1,"1"
72345,89674,1,1,0,1,0,1,1,1,1,NA,NA,NA,"1"
28801,94436,1,1,0,1,1,0,0,0,0,1,1,1,"1"
15036,27607,1,1,0,1,1,0,0,0,1,1,1,1,"1"
31354,68015,1,1,0,1,1,0,0,0,1,NA,NA,NA,"1"
83208,84349,1,1,0,1,1,0,0,1,0,1,1,1,"1"
2161,35077,1,1,0,1,1,0,0,1,1,1,1,1,"1"
43081,82726,1,1,0,1,1,0,0,1,1,NA,NA,NA,"1"
11094,54239,1,1,0,1,1,0,1,0,0,1,1,1,"1"
10203,86517,1,1,0,1,1,0,1,0,1,1,1,1,"1"
7760,18060,1,1,0,1,1,0,1,0,1,NA,NA,NA,"1"
31281,77099,1,1,0,1,1,0,1,1,0,1,1,1,"1"
2850,75793,1,1,0,1,1,0,1,1,1,1,1,1,"1"
19767,52557,1,1,0,1,1,0,1,1,1,NA,NA,NA,"1"
28853,80685,1,1,0,1,1,1,0,0,0,1,1,1,"1"
262,72270,1,1,0,1,1,1,0,0,1,1,1,1,"1"
61395,98361,1,1,0,1,1,1,0,0,1,NA,NA,NA,"1"
16581,34610,1,1,0,1,1,1,0,1,0,0,0,0,"0"
12714,58171,1,1,0,1,1,1,0,1,0,1,1,1,"1"
67609,71852,1,1,0,1,1,1,0,1,1,1,1,1,"1"
13917,24816,1,1,0,1,1,1,0,1,1,NA,NA,NA,"1"
60252,63047,1,1,0,1,1,1,1,0,0,1,1,1,"1"
3394,39124,1,1,0,1,1,1,1,0,1,1,1,1,"1"
21799,95587,1,1,0,1,1,1,1,0,1,NA,NA,NA,"1"
27003,35999,1,1,0,1,1,1,1,1,0,0,0,0,"0"
31681,65092,1,1,0,1,1,1,1,1,0,1,1,1,"1"
84313,93790,1,1,0,1,1,1,1,1,1,1,1,1,"1"
78257,88291,1,1,0,1,1,1,1,1,1,NA,NA,NA,"1"
9787,83340,1,1,1,0,0,0,0,0,0,1,1,1,"1"
4201,85649,1,1,1,0,0,0,0,0,1,1,1,1,"1"
22779,88563,1,1,1,0,0,0,0,0,1,NA,NA,NA,"1"
17500,55284,1,1,1,0,0,0,0,1,0,1,1,1,"1"
60070,68372,1,1,1,0,0,0,0,1,1,1,1,1,"1"
41585,62427,1,1,1,0,0,0,0,1,1,NA,NA,NA,"1"
5048,48535,1,1,1,0,0,0,1,0,0,1,1,1,"1"
3104,98186,1,1,1,0,0,0,1,0,1,1,1,1,"1"
64194,99596,1,1,1,0,0,0,1,0,1,NA,NA,NA,"1"
51983,87560,1,1,1,0,0,0,1,1,0,1,1,1,"1"
4451,98768,1,1,1,0,0,0,1,1,1,1,1,1,"1"
52394,63538,1,1,1,0,0,0,1,1,1,NA,NA,NA,"1"
13768,60013,1,1,1,0,0,1,0,0,0,1,1,1,"1"
64810,83716,1,1,1,0,0,1,0,0,1,1,1,1,"1"
38712,94862,1,1,1,0,0,1,0,0,1,NA,NA,NA,"1"
2617,54195,1,1,1,0,0,1,0,1,0,1,1,1,"1"
12118,62946,1,1,1,0,0,1,0,1,1,1,1,1,"1"
5529,7584,1,1,1,0,0,1,0,1,1,NA,NA,NA,"1"
5220,87534,1,1,1,0,0,1,1,0,0,1,1,1,"1"
68906,97773,1,1,1,0,0,1,1,0,1,1,1,1,"1"
70307,94609,1,1,1,0,0,1,1,0,1,NA,NA,NA,"1"
27568,62327,1,1,1,0,0,1,1,1,0,1,1,1,"1"
15129,55591,1,1,1,0,0,1,1,1,1,1,1,1,"1"
66049,85028,1,1,1,0,0,1,1,1,1,NA,NA,NA,"1"
5390,76626,1,1,1,0,1,0,0,0,0,1,1,1,"1"
30730,55204,1,1,1,0,1,0,0,0,1,1,1,1,"1"
53777,93508,1,1,1,0,1,0,0,0,1,NA,NA,NA,"1"
31604,92124,1,1,1,0,1,0,0,1,0,1,1,1,"1"
10327,38979,1,1,1,0,1,0,0,1,1,1,1,1,"1"
41302,45228,1,1,1,0,1,0,0,1,1,NA,NA,NA,"1"
32626,55315,1,1,1,0,1,0,1,0,0,1,1,1,"1"
33931,91209,1,1,1,0,1,0,1,0,1,1,1,1,"1"
35211,87886,1,1,1,0,1,0,1,0,1,NA,NA,NA,"1"
13908,23521,1,1,1,0,1,0,1,1,0,1,1,1,"1"
13419,39525,1,1,1,0,1,0,1,1,1,1,1,1,"1"
77750,87704,1,1,1,0,1,0,1,1,1,NA,NA,NA,"1"
77881,97235,1,1,1,0,1,1,0,0,0,1,1,1,"1"
30472,97430,1,1,1,0,1,1,0,0,1,1,1,1,"1"
22546,70807,1,1,1,0,1,1,0,0,1,NA,NA,NA,"1"
46554,54005,1,1,1,0,1,1,0,1,0,1,1,1,"1"
33372,59369,1,1,1,0,1,1,0,1,1,1,1,1,"1"
1296,36822,1,1,1,0,1,1,0,1,1,NA,NA,NA,"1"
29109,85996,1,1,1,0,1,1,1,0,0,1,1,1,"1"
15324,96512,1,1,1,0,1,1,1,0,1,1,1,1,"1"
5686,32274,1,1,1,0,1,1,1,0,1,NA,NA,NA,"1"
4719,7357,1,1,1,0,1,1,1,1,0,1,1,1,"1"
1736,66237,1,1,1,0,1,1,1,1,1,1,1,1,"1"
55336,63037,1,1,1,0,1,1,1,1,1,NA,NA,NA,"1"
88222,92341,1,1,1,1,0,0,0,0,0,1,1,1,"1"
9609,18176,1,1,1,1,0,0,0,0,1,1,1,1,"1"
26529,30345,1,1,1,1,0,0,0,0,1,NA,NA,NA,"1"
88872,91625,1,1,1,1,0,0,0,1,0,1,1,1,"1"
39431,77279,1,1,1,1,0,0,0,1,1,1,1,1,"1"
38415,67680,1,1,1,1,0,0,0,1,1,NA,NA,NA,"1"
18568,20104,1,1,1,1,0,0,1,0,0,1,1,1,"1"
8151,74200,1,1,1,1,0,0,1,0,1,1,1,1,"1"
8227,58424,1,1,1,1,0,0,1,0,1,NA,NA,NA,"1"
407,68958,1,1,1,1,0,0,1,1,0,1,1,1,"1"
44465,69183,1,1,1,1,0,0,1,1,1,1,1,1,"1"
29135,86409,1,1,1,1,0,0,1,1,1,NA,NA,NA,"1"
11554,45343,1,1,1,1,0,1,0,0,0,1,1,1,"1"
19826,32492,1,1,1,1,0,1,0,0,1,1,1,1,"1"
57847,73115,1,1,1,1,0,1,0,0,1,NA,NA,NA,"1"
82233,92828,1,1,1,1,0,1,0,1,0,1,1,1,"1"
72364,81591,1,1,1,1,0,1,0,1,1,1,1,1,"1"
6336,50199,1,1,1,1,0,1,0,1,1,NA,NA,NA,"1"
35476,70347,1,1,1,1,0,1,1,0,0,1,1,1,"1"
8866,97251,1,1,1,1,0,1,1,0,1,1,1,1,"1"
53782,68702,1,1,1,1,0,1,1,0,1,NA,NA,NA,"1"
18356,79420,1,1,1,1,0,1,1,1,0,1,1,1,"1"
23173,65408,1,1,1,1,0,1,1,1,1,1,1,1,"1"
5731,65812,1,1,1,1,0,1,1,1,1,NA,NA,NA,"1"
43683,68474,1,1,1,1,1,0,0,0,0,1,1,1,"1"
55749,95149,1,1,1,1,1,0,0,0,1,1,1,1,"1"
38925,41774,1,1,1,1,1,0,0,0,1,NA,NA,NA,"1"
54693,66751,1,1,1,1,1,0,0,1,0,1,1,1,"1"
87269,90999,1,1,1,1,1,0,0,1,1,1,1,1,"1"
63459,71346,1,1,1,1,1,0,0,1,1,NA,NA,NA,"1"
26950,57111,1,1,1,1,1,0,1,0,0,1,1,1,"1"
38387,54190,1,1,1,1,1,0,1,0,1,1,1,1,"1"
25192,58532,1,1,1,1,1,0,1,0,1,NA,NA,NA,"1"
17197,84474,1,1,1,1,1,0,1,1,0,1,1,1,"1"
47170,80316,1,1,1,1,1,0,1,1,1,1,1,1,"1"
29344,39253,1,1,1,1,1,0,1,1,1,NA,NA,NA,"1"
40222,70105,1,1,1,1,1,1,0,0,0,1,1,1,"1"
65964,91809,1,1,1,1,1,1,0,0,1,1,1,1,"1"
36312,52209,1,1,1,1,1,1,0,0,1,NA,NA,NA,"1"
81272,97644,1,1,1,1,1,1,0,1,0,1,1,1,"1"
29337,79866,1,1,1,1,1,1,0,1,1,1,1,1,"1"
26010,68219,1,1,1,1,1,1,0,1,1,NA,NA,NA,"1"
53788,73119,1,1,1,1,1,1,1,0,0,1,1,1,"1"
58139,99161,1,1,1,1,1,1,1,0,1,1,1,1,"1"
39887,87085,1,1,1,1,1,1,1,0,1,NA,NA,NA,"1"
67537,95364,1,1,1,1,1,1,1,1,0,1,1,1,"1"
28048,53319,1,1,1,1,1,1,1,1,1,1,1,1,"1"
2393,68150,1,1,1,1,1,1,1,1,1,NA,NA,NA,"1"
